question_id,transition,candidate_type,trajectory_tokens,endpoint_gap,mean_aligned_gap,mamba_path_length,mamba_mean_step,mamba_mean_radius,mamba_endpoint_radius,mamba_end_to_end,mamba_spread_rms,motifmamba_path_length,motifmamba_mean_step,motifmamba_mean_radius,motifmamba_endpoint_radius,motifmamba_end_to_end,motifmamba_spread_rms
661,wrong -> refusal,refusal,96,0.0157307256013155,0.022080739960074425,0.9039771556854248,0.009515549056231976,0.008706408552825451,0.011456694453954697,0.018804151564836502,0.009383291937410831,2.6659693717956543,0.028062835335731506,0.019342578947544098,0.00531407818198204,0.023034274578094482,0.024944189935922623
493,wrong -> refusal,refusal,96,0.019345274195075035,0.019904568791389465,0.8721938133239746,0.009180987253785133,0.008868257515132427,0.011416241526603699,0.01481554750353098,0.009567984379827976,2.2744994163513184,0.023942099884152412,0.01684417389333248,0.019380157813429832,0.01361935306340456,0.020997507497668266
256,wrong -> refusal,refusal,96,0.049269650131464005,0.01911945268511772,0.9572110772132874,0.010075906291604042,0.009752824902534485,0.016055721789598465,0.024738794192671776,0.009595154784619808,1.9047420024871826,0.020049916580319405,0.014772114343941212,0.03321652114391327,0.038400012999773026,0.017950506880879402
624,wrong -> refusal,refusal,96,0.03271916136145592,0.019550522789359093,0.8797956109046936,0.009261006489396095,0.008564481511712074,0.009261194616556168,0.020236162468791008,0.008745381608605385,2.2281904220581055,0.023454636335372925,0.016275746747851372,0.030423399060964584,0.027295691892504692,0.019180333241820335
803,wrong -> refusal,refusal,96,0.02444201521575451,0.01707499660551548,0.8473719358444214,0.00891970470547676,0.008064345456659794,0.010804751887917519,0.016299093142151833,0.008787073194980621,2.079495906829834,0.02188943140208721,0.015341508202254772,0.013672317378222942,0.0062453108839690685,0.019078297540545464
375,wrong -> refusal,refusal,96,0.012642291374504566,0.017245909199118614,0.8637454509735107,0.00909205712378025,0.008185307495296001,0.01713232696056366,0.020497452467679977,0.008663724176585674,1.9924513101577759,0.020973172038793564,0.014695500023663044,0.005056350491940975,0.010519888252019882,0.016806546598672867
769,wrong -> refusal,refusal,96,0.022819215431809425,0.020080335438251495,0.985011637210846,0.010368543677031994,0.010371548123657703,0.014447513967752457,0.015466961078345776,0.009409814141690731,1.9227544069290161,0.02023952081799507,0.014558338560163975,0.022321565076708794,0.02157425321638584,0.01682102307677269
699,wrong -> refusal,refusal,96,0.03793911635875702,0.01843099482357502,0.8588407039642334,0.009040428325533867,0.007896065711975098,0.01113214436918497,0.014735866338014603,0.008190278895199299,1.7938129901885986,0.01888224110007286,0.014433734118938446,0.027896549552679062,0.033180121332407,0.016600461676716805
458,wrong -> refusal,refusal,96,0.04128685221076012,0.01979777030646801,0.8695162534713745,0.009152802638709545,0.008453302085399628,0.008950332179665565,0.010824361816048622,0.008890615776181221,1.8794147968292236,0.01978331431746483,0.015366501174867153,0.03235149011015892,0.024109117686748505,0.017014261335134506
152,wrong -> refusal,refusal,96,0.011148562654852867,0.01999773643910885,1.037744164466858,0.010923623107373714,0.009445005096495152,0.010885681957006454,0.021637309342622757,0.010206521488726139,1.8792634010314941,0.019781719893217087,0.015238896012306213,0.009752944111824036,0.009616374969482422,0.016759827733039856
446,wrong -> refusal,refusal,96,0.01339335273951292,0.017761221155524254,0.8041999936103821,0.008465263061225414,0.007167255040258169,0.007751894649118185,0.006497226655483246,0.00847676396369934,1.9763963222503662,0.02080417238175869,0.01557669322937727,0.0177086740732193,0.013752424158155918,0.019399495795369148
382,wrong -> refusal,refusal,96,0.017362773418426514,0.018090473487973213,0.7798386812210083,0.008208828046917915,0.006747498642653227,0.008790016174316406,0.009050071239471436,0.007421026472002268,1.8510680198669434,0.019484926015138626,0.015100804157555103,0.01840629242360592,0.0030325602274388075,0.016322407871484756
709,wrong -> refusal,refusal,96,0.019751520827412605,0.016066143289208412,0.7731044292449951,0.008137941360473633,0.0072107333689928055,0.011744079180061817,0.01636648364365101,0.0072864266112446785,1.6060161590576172,0.01690543256700039,0.012410114519298077,0.019683685153722763,0.03376661613583565,0.013954734429717064
765,wrong -> refusal,refusal,96,0.008393455296754837,0.012418107129633427,0.7879194617271423,0.008293889462947845,0.006435459945350885,0.007946622557938099,0.010158022865653038,0.007434105966240168,1.4605988264083862,0.015374724753201008,0.011555208824574947,0.0116560198366642,0.014201066456735134,0.012881691567599773
297,wrong -> refusal,refusal,96,0.0311727412045002,0.018299400806427002,0.8895334005355835,0.009363509714603424,0.008486408740282059,0.011317024938762188,0.006420189514756203,0.008815203793346882,1.6792895793914795,0.017676731571555138,0.013353489339351654,0.021437956020236015,0.015078462660312653,0.01461824867874384
463,wrong -> refusal,refusal,96,0.03169405087828636,0.01950877718627453,0.7881884574890137,0.008296720683574677,0.007538808975368738,0.01288251020014286,0.014938080683350563,0.008347369730472565,1.6912260055541992,0.01780237816274166,0.015435516834259033,0.018812328577041626,0.014211890287697315,0.016532830893993378
389,wrong -> refusal,refusal,96,0.0165247805416584,0.018884867429733276,0.8284792304039001,0.00872083380818367,0.007524428423494101,0.011963514611124992,0.013606468215584755,0.008203098550438881,1.8842592239379883,0.019834307953715324,0.016608646139502525,0.013179633766412735,0.008665178902447224,0.018649937584996223
459,wrong -> refusal,refusal,96,0.007843629457056522,0.019698048010468483,0.8012104034423828,0.008433793671429157,0.008474540896713734,0.012812805362045765,0.013807117007672787,0.008451355621218681,2.3455722332000732,0.024690233170986176,0.017091011628508568,0.014672702178359032,0.016672175377607346,0.022264061495661736
725,wrong -> refusal,refusal,96,0.01425482053309679,0.016544492915272713,0.9323521852493286,0.009814233519136906,0.00887638982385397,0.01196996308863163,0.019236531108617783,0.009448777884244919,1.8763233423233032,0.019750772044062614,0.013238717801868916,0.01488590706139803,0.006573874969035387,0.018720073625445366
497,wrong -> refusal,refusal,96,0.02030089683830738,0.022693507373332977,0.8407430648803711,0.008849927224218845,0.006902129855006933,0.01364768948405981,0.021748170256614685,0.008115033619105816,2.4983739852905273,0.026298673823475838,0.020226752385497093,0.006655376870185137,0.013314982876181602,0.022747524082660675
118,wrong -> refusal,refusal,96,0.005592487286776304,0.016737043857574463,0.8711045980453491,0.009169521741569042,0.007765908259898424,0.008334390819072723,0.010311179794371128,0.009038761258125305,1.7658212184906006,0.018587591126561165,0.013528317213058472,0.0070702265948057175,0.010726426728069782,0.015525749884545803
30,wrong -> refusal,refusal,96,0.014476219192147255,0.020231211557984352,0.9164236187934875,0.009646564722061157,0.008461185730993748,0.013989360071718693,0.019768059253692627,0.00886028166860342,2.1634926795959473,0.022773606702685356,0.015861131250858307,0.011633923277258873,0.016649344936013222,0.019567959010601044
189,wrong -> refusal,refusal,96,0.007582857273519039,0.019910767674446106,0.8619913458824158,0.009073592722415924,0.008717143908143044,0.01354997232556343,0.013863340020179749,0.008307760581374168,1.9384949207305908,0.020405210554599762,0.015716543421149254,0.008097068406641483,0.006494507659226656,0.017223721370100975
448,wrong -> refusal,refusal,96,0.016702011227607727,0.015836430713534355,0.8135273456573486,0.008563445881009102,0.007148792967200279,0.01215207390487194,0.017132190987467766,0.007633281406015158,1.5843528509140015,0.01667739823460579,0.01254962757229805,0.009297099895775318,0.02312377281486988,0.013860099948942661
201,wrong -> refusal,refusal,96,0.02205910161137581,0.018331579864025116,0.8301127552986145,0.008738028816878796,0.008166647516191006,0.012358579784631729,0.011527215130627155,0.008814374916255474,1.8946962356567383,0.019944170489907265,0.01644580066204071,0.02874041348695755,0.01578771136701107,0.018062181770801544
158,wrong -> refusal,refusal,96,0.020681727677583694,0.017993932589888573,0.7846538424491882,0.008259514346718788,0.006878355052322149,0.012457320466637611,0.014307416044175625,0.008091992698609829,2.021751880645752,0.021281598135828972,0.015419979579746723,0.010270523838698864,0.004665267188102007,0.01769121177494526
690,wrong -> refusal,refusal,96,0.014790887013077736,0.01642911694943905,0.8858495950698853,0.00932473223656416,0.008114303462207317,0.015781668946146965,0.023112742230296135,0.0087657505646348,1.9566211700439453,0.020596012473106384,0.01391852367669344,0.00521936547011137,0.007165196817368269,0.016699256375432014
430,wrong -> refusal,refusal,96,0.036503277719020844,0.021696945652365685,0.89186692237854,0.009388072416186333,0.008426039479672909,0.013023599982261658,0.0167081318795681,0.008495110087096691,2.4964511394500732,0.026278432458639145,0.018318401649594307,0.02349277213215828,0.02795746922492981,0.023415233939886093
323,wrong -> refusal,refusal,96,0.04624607041478157,0.01962069422006607,0.8886082768440247,0.00935377087444067,0.007349839434027672,0.015237895771861076,0.018368294462561607,0.008485923521220684,2.12488055229187,0.022367164492607117,0.01750132627785206,0.035400837659835815,0.026761576533317566,0.018833260983228683
218,wrong -> refusal,refusal,96,0.008609686978161335,0.01582263968884945,0.7933057546615601,0.008350586518645287,0.006565223913639784,0.007416328880935907,0.0015084100887179375,0.007409207988530397,1.6838579177856445,0.017724819481372833,0.013207088224589825,0.011580160818994045,0.01039764191955328,0.016275983303785324
420,wrong -> refusal,refusal,96,0.02669844776391983,0.019142072647809982,0.8363915085792542,0.008804121054708958,0.0081168869510293,0.014340728521347046,0.014514273963868618,0.008084389381110668,2.3065989017486572,0.024279989302158356,0.015884021297097206,0.012507721781730652,0.005543905310332775,0.022877728566527367
776,wrong -> refusal,refusal,96,0.018279187381267548,0.016360273584723473,0.798917293548584,0.008409655652940273,0.007240619510412216,0.007904967293143272,0.010441925376653671,0.00787542387843132,1.7782354354858398,0.018718266859650612,0.013468235731124878,0.014625521376729012,0.007250494789332151,0.016352945938706398
574,wrong -> refusal,refusal,96,0.028811823576688766,0.01584486849606037,0.9925705194473267,0.010448110289871693,0.008026271127164364,0.011314974166452885,0.014060326851904392,0.009004310704767704,1.7143759727478027,0.0180460624396801,0.012873277068138123,0.03651899844408035,0.039599720388650894,0.015222802758216858
643,wrong -> refusal,refusal,96,0.013987128622829914,0.018487052991986275,0.8501520156860352,0.008948968723416328,0.007822982035577297,0.011246749199926853,0.013856097124516964,0.007881667464971542,1.7952908277511597,0.018897797912359238,0.015511634759604931,0.020881131291389465,0.041614238172769547,0.017407657578587532
580,wrong -> refusal,refusal,96,0.013277566991746426,0.019175859168171883,1.0067003965377808,0.010596846230328083,0.011098474264144897,0.015273547731339931,0.019152740016579628,0.009825783781707287,1.7959175109863281,0.018904395401477814,0.012988780625164509,0.008070566691458225,0.006376630626618862,0.015378453768789768
505,wrong -> refusal,refusal,96,0.013432466425001621,0.024501899257302284,0.8065825700759888,0.008490342646837234,0.00709179975092411,0.012803986668586731,0.012076116167008877,0.007526244502514601,2.3838133811950684,0.025092773139476776,0.021059053018689156,0.0012443013256415725,0.017144519835710526,0.026002366095781326
313,wrong -> refusal,refusal,96,0.024942878633737564,0.017057232558727264,0.8869950771331787,0.009336790069937706,0.007648461032658815,0.013343378901481628,0.024009354412555695,0.008638326078653336,1.7489410638809204,0.018409905955195427,0.014223371632397175,0.013103209435939789,0.015891477465629578,0.01598859764635563
675,wrong -> refusal,refusal,96,0.00819382630288601,0.020215677097439766,0.8855619430541992,0.009321704506874084,0.007807409856468439,0.008796262554824352,0.017760461196303368,0.008459383621811867,2.0943233966827393,0.02204550988972187,0.016473853960633278,0.01698089763522148,0.016138657927513123,0.021722327917814255
35,wrong -> refusal,refusal,96,0.017495833337306976,0.015838073566555977,0.9602871537208557,0.010108285583555698,0.007606079801917076,0.006880441680550575,0.010630039498209953,0.008251279592514038,1.8852534294128418,0.019844772294163704,0.013960282318294048,0.01443413458764553,0.008988745510578156,0.01856069080531597
37,wrong -> refusal,refusal,96,0.020353684201836586,0.01976647973060608,1.025807499885559,0.010797973722219467,0.009787010960280895,0.01790405809879303,0.016130903735756874,0.010155673138797283,2.0119943618774414,0.02117888815701008,0.01622817851603031,0.004230169113725424,0.009237496182322502,0.020751379430294037
174,wrong -> refusal,refusal,96,0.004194220062345266,0.01702892780303955,0.8626886606216431,0.009080933406949043,0.007646080106496811,0.012490092776715755,0.02006044052541256,0.008572710677981377,2.000701904296875,0.021060019731521606,0.015101331286132336,0.009449530392885208,0.014355731196701527,0.018455127254128456
800,wrong -> refusal,refusal,96,0.014387629926204681,0.016567157581448555,0.8296512961387634,0.008733171969652176,0.00759647274389863,0.01241049449890852,0.023157205432653427,0.007908591069281101,1.8126540184020996,0.019080568104982376,0.013541878201067448,0.016693752259016037,0.007250259630382061,0.016771363094449043
720,wrong -> refusal,refusal,96,0.002977938624098897,0.01867811195552349,0.9898731112480164,0.01041971705853939,0.009456820785999298,0.012563097290694714,0.00961463712155819,0.010244915261864662,1.6255810260772705,0.01711137965321541,0.01400618627667427,0.012607491575181484,0.03354512155056,0.01635933853685856
413,wrong -> refusal,refusal,96,0.026874952018260956,0.021724581718444824,0.8493180871009827,0.008940190076828003,0.007805321831256151,0.012184041552245617,0.01128042209893465,0.00839413795620203,2.382035732269287,0.025074061006307602,0.018414238467812538,0.026541756466031075,0.010523823089897633,0.021719099953770638
680,wrong -> refusal,refusal,96,0.003979431930929422,0.020134786143898964,0.830920398235321,0.00874653086066246,0.008429066278040409,0.013163956813514233,0.020549874752759933,0.008348114788532257,2.25476336479187,0.023734351620078087,0.01716991700232029,0.012907419353723526,0.015448959544301033,0.023563986644148827
639,wrong -> refusal,refusal,96,0.012118919752538204,0.017909808084368706,0.8586490154266357,0.00903841108083725,0.007123901043087244,0.010352825745940208,0.013331137597560883,0.00806372705847025,2.0571978092193604,0.02165471389889717,0.01642068289220333,0.008302941918373108,0.0024474954698234797,0.019751382991671562
733,wrong -> refusal,refusal,96,0.029662486165761948,0.018358878791332245,0.8851104378700256,0.009316951967775822,0.008168209344148636,0.010769971646368504,0.007320727687329054,0.008735827170312405,1.8821126222610474,0.019811712205410004,0.01483752578496933,0.04006444290280342,0.05280338227748871,0.017606623470783234
779,wrong -> refusal,refusal,96,0.008179116994142532,0.01764540933072567,1.0365688800811768,0.010911251418292522,0.009884556755423546,0.008344536647200584,0.015871109440922737,0.009813361801207066,1.6244839429855347,0.017099831253290176,0.01263194065541029,0.015320159494876862,0.01978730969130993,0.013822312466800213
798,wrong -> refusal,refusal,96,0.005311768501996994,0.016581779345870018,1.0733299255371094,0.011298209428787231,0.007852776907384396,0.01042893435806036,0.011908560059964657,0.010099387727677822,1.7807728052139282,0.018744977191090584,0.013402964919805527,0.012070883996784687,0.030977334827184677,0.015184451825916767
477,wrong -> refusal,refusal,96,0.016871009021997452,0.018417341634631157,0.8795955777168274,0.00925890076905489,0.008205162361264229,0.013746784068644047,0.01931650936603546,0.009107806719839573,1.7654584646224976,0.01858377270400524,0.014028000645339489,0.0034094545990228653,0.007391336839646101,0.016427507624030113
612,wrong -> refusal,refusal,96,0.0057266284711658955,0.015430483967065811,0.8845747113227844,0.009311312809586525,0.008273041807115078,0.009570830501616001,0.011221080087125301,0.009190104901790619,1.6543240547180176,0.01741393655538559,0.013087873347103596,0.012423872947692871,0.01657530479133129,0.01551783550530672
243,wrong -> refusal,refusal,96,0.015628818422555923,0.021122178062796593,0.8706466555595398,0.009164701215922832,0.007704300340265036,0.01344381831586361,0.016813907772302628,0.008240998722612858,2.425102710723877,0.02552739717066288,0.01815214939415455,0.016599141061306,0.016490880399942398,0.023217104375362396
489,wrong -> refusal,refusal,96,0.010877258144319057,0.018220840021967888,0.750522792339325,0.007900239899754524,0.008264466188848019,0.01273670420050621,0.004274741280823946,0.007877686992287636,1.9285625219345093,0.02030065841972828,0.015306939370930195,0.018214309588074684,0.03460514172911644,0.017361275851726532
585,wrong -> refusal,refusal,96,0.012661212123930454,0.01571611687541008,0.9101857542991638,0.009580902755260468,0.008461672812700272,0.008907859213650227,0.00854624342173338,0.008661849424242973,1.7027769088745117,0.01792396791279316,0.01399401854723692,0.014976701699197292,0.004258610308170319,0.015106664970517159
392,wrong -> refusal,refusal,96,0.01500627864152193,0.0164926890283823,0.8624317646026611,0.00907822884619236,0.008299676701426506,0.009616514667868614,0.009725145995616913,0.008521417155861855,1.4465810060501099,0.015227168798446655,0.012120428495109081,0.006942972540855408,0.0021088796202093363,0.013445589691400528
697,wrong -> refusal,refusal,96,0.01474766619503498,0.0160583034157753,0.9789694547653198,0.010304941795766354,0.009073362685739994,0.009467571042478085,0.01209618803113699,0.010884299874305725,1.7325334548950195,0.018237194046378136,0.013560272753238678,0.02254912070930004,0.03280721232295036,0.016917748376727104
65,wrong -> refusal,refusal,96,0.022367678582668304,0.01948503591120243,0.7948700189590454,0.008367053233087063,0.007657401263713837,0.01095504779368639,0.014502225443720818,0.00821799784898758,2.3525586128234863,0.024763774126768112,0.016539191827178,0.01574607565999031,0.013724925927817822,0.021480973809957504
123,wrong -> refusal,refusal,96,0.01638415828347206,0.01702800765633583,0.9317200779914856,0.009807580150663853,0.00797716062515974,0.011804097332060337,0.017572715878486633,0.00831612665206194,1.8025317192077637,0.01897401735186577,0.013811570592224598,0.007645507343113422,0.019915180280804634,0.01586082950234413
125,wrong -> refusal,refusal,96,0.04950275644659996,0.02145530842244625,1.0322855710983276,0.010866164229810238,0.009527858346700668,0.010268091224133968,0.017901265993714333,0.01047687977552414,2.165661573410034,0.02279643714427948,0.017324090003967285,0.040611762553453445,0.04303515702486038,0.020466186106204987
97,wrong -> refusal,refusal,96,0.02676020748913288,0.01892574317753315,1.0386173725128174,0.010932814329862595,0.008022048510611057,0.012811112217605114,0.006845945492386818,0.009779238142073154,2.0939559936523438,0.022041641175746918,0.015613999217748642,0.014859789051115513,0.011310555972158909,0.01921834796667099
734,wrong -> refusal,refusal,96,0.015019155107438564,0.01790502481162548,1.022773027420044,0.01076603215187788,0.009473015554249287,0.013897004537284374,0.014300552196800709,0.00929906778037548,1.8084384202957153,0.019036194309592247,0.01342756301164627,0.01230530720204115,0.019549937918782234,0.01828109286725521
183,wrong -> refusal,refusal,96,0.00700554670765996,0.017289932817220688,0.9175422787666321,0.00965833943337202,0.00691698445007205,0.009232794865965843,0.0139611242339015,0.008845859207212925,1.7949730157852173,0.01889445260167122,0.014564208686351776,0.012983140535652637,0.022478120401501656,0.016095878556370735
213,wrong -> refusal,refusal,96,0.029131196439266205,0.018221911042928696,0.8940491676330566,0.009411043487489223,0.007785679306834936,0.009909582324326038,0.018474332988262177,0.008161352016031742,1.9734808206558228,0.02077348157763481,0.01511396188288927,0.02713826112449169,0.014841970056295395,0.019088538363575935
692,wrong -> refusal,refusal,96,0.011556802317500114,0.01733868196606636,0.9339269995689392,0.009830810129642487,0.008083398453891277,0.013905292376875877,0.020801298320293427,0.010045401751995087,1.8081157207489014,0.01903279684484005,0.0137246735394001,0.0034393162932246923,0.02408083714544773,0.015325100161135197
465,wrong -> refusal,refusal,96,0.014756778255105019,0.01595732569694519,0.8709514737129211,0.009167910553514957,0.007716931402683258,0.009141751565039158,0.0127925556153059,0.008304598741233349,1.6425212621688843,0.017289698123931885,0.013006011955440044,0.006003845017403364,0.011801142245531082,0.014906768687069416
582,wrong -> refusal,refusal,96,0.004181044641882181,0.018698638305068016,0.884918212890625,0.009314928203821182,0.008288769982755184,0.014028877019882202,0.009144896641373634,0.009020182304084301,1.934072494506836,0.020358657464385033,0.015181216411292553,0.014599774032831192,0.018993940204381943,0.0178602896630764
759,wrong -> refusal,refusal,96,0.005126541946083307,0.016145339235663414,0.797400712966919,0.00839369185268879,0.006852315738797188,0.008476980030536652,0.008477830328047276,0.007656707428395748,1.7437293529510498,0.018355045467615128,0.014550271444022655,0.010329474695026875,0.012727850116789341,0.01700570620596409
36,wrong -> refusal,refusal,96,0.023964617401361465,0.019612371921539307,1.0387225151062012,0.010933921672403812,0.011074863374233246,0.016882840543985367,0.016202526167035103,0.011161655187606812,1.763868808746338,0.0185670405626297,0.013622543774545193,0.01041401457041502,0.021279804408550262,0.016137080267071724
3,wrong -> refusal,refusal,96,0.002239284571260214,0.017436815425753593,0.8903780579566956,0.009372401051223278,0.008194622583687305,0.009659786708652973,0.006270948331803083,0.008703112602233887,1.9023133516311646,0.02002435177564621,0.014566462486982346,0.010469641536474228,0.031215744093060493,0.017592081800103188
310,wrong -> refusal,refusal,96,0.007959865033626556,0.018742529675364494,0.7985867261886597,0.00840617623180151,0.007280461955815554,0.011503111571073532,0.021852100268006325,0.008584472350776196,1.9107266664505005,0.020112913101911545,0.016300639137625694,0.003544674487784505,0.006504810880869627,0.01794477552175522
13,wrong -> refusal,refusal,96,0.012445816770195961,0.014952284283936024,0.7776868343353271,0.008186177350580692,0.006663795560598373,0.005056470632553101,0.006720973644405603,0.007850064896047115,1.674178957939148,0.0176229365170002,0.013249237090349197,0.013341084122657776,0.008749570697546005,0.015471287071704865
255,wrong -> refusal,refusal,96,0.03447763994336128,0.021750574931502342,0.8156363368034363,0.008585645817220211,0.007988975383341312,0.01133661437779665,0.012891632504761219,0.008295703679323196,2.401386022567749,0.025277746841311455,0.018778808414936066,0.024428606033325195,0.017938831821084023,0.02147495001554489
428,wrong -> refusal,refusal,96,0.007399370428174734,0.016750609502196312,0.819397509098053,0.00862523727118969,0.007108347024768591,0.008686915040016174,0.012433725409209728,0.007874971255660057,1.8784759044647217,0.01977343112230301,0.014219437725841999,0.0108169661834836,0.008268740028142929,0.016803715378046036
693,wrong -> refusal,refusal,96,0.0363803394138813,0.01889914833009243,0.9333475232124329,0.00982471089810133,0.008805866353213787,0.013706201687455177,0.020257441326975822,0.009921342134475708,1.9510917663574219,0.020537808537483215,0.015303637832403183,0.03191289305686951,0.041042570024728775,0.01763484813272953
561,wrong -> refusal,refusal,96,0.03579282760620117,0.01987374946475029,1.0341784954071045,0.010886089876294136,0.007970325648784637,0.012849799357354641,0.00404356699436903,0.008446590043604374,2.184420347213745,0.022993898019194603,0.016896352171897888,0.02392452023923397,0.04081139713525772,0.02265365794301033
785,wrong -> refusal,refusal,96,0.009426236152648926,0.015544611029326916,0.762310802936554,0.008024324662983418,0.008348921313881874,0.007330445107072592,0.009950963780283928,0.00846147071570158,1.69435453414917,0.017835311591625214,0.01380170788615942,0.004173326306045055,0.018471652641892433,0.015471595339477062
39,wrong -> refusal,refusal,96,0.004608889110386372,0.01735587976872921,0.853347659111023,0.008982607163488865,0.008726265281438828,0.01073937863111496,0.01856771670281887,0.008834605105221272,1.7912843227386475,0.01885562390089035,0.014397398568689823,0.011866984888911247,0.01582535356283188,0.015715287998318672
266,wrong -> refusal,refusal,96,0.02134610526263714,0.017114801332354546,0.8551841378211975,0.009001938626170158,0.008249910548329353,0.013065353035926819,0.005630118306726217,0.009084010496735573,1.665728211402893,0.017533980309963226,0.013168848119676113,0.008352166973054409,0.00843748077750206,0.01453864574432373
620,wrong -> refusal,refusal,96,0.02314595878124237,0.01814010925590992,1.0470383167266846,0.011021455749869347,0.00846517737954855,0.004651390481740236,0.007500797510147095,0.011396788991987705,2.1394972801208496,0.02252102456986904,0.015748998150229454,0.025035247206687927,0.016852593049407005,0.018810642883181572
487,wrong -> refusal,refusal,96,0.00858228374272585,0.018967119976878166,0.935792863368988,0.009850450791418552,0.008908224292099476,0.012130328454077244,0.015528079122304916,0.00916229747235775,1.9910250902175903,0.020958159118890762,0.014883073978126049,0.007329828105866909,0.028209112584590912,0.018306268379092216
520,wrong -> refusal,refusal,96,0.007877614349126816,0.018927589058876038,0.972500205039978,0.010236844420433044,0.008679232560098171,0.012745577841997147,0.012992125004529953,0.010030418634414673,2.145688533782959,0.022586194798350334,0.016178589314222336,0.006032425910234451,0.017177695408463478,0.019230201840400696
155,wrong -> refusal,refusal,96,0.01719597540795803,0.0164620503783226,0.8899969458580017,0.009368388913571835,0.00931443739682436,0.010472052730619907,0.018192647024989128,0.009807932190597057,1.811211347579956,0.019065381959080696,0.013558651320636272,0.006842514965683222,0.011614584363996983,0.016735723242163658
204,wrong -> refusal,refusal,96,0.018944628536701202,0.016804592683911324,0.9387003779411316,0.009881056845188141,0.007201664615422487,0.007892719469964504,0.0023734690621495247,0.008218028582632542,1.9310189485549927,0.020326515659689903,0.014820816926658154,0.022357085719704628,0.0195130817592144,0.017047788947820663
207,wrong -> refusal,refusal,96,0.01665392890572548,0.017235687002539635,0.7717939615249634,0.008124146610498428,0.008274844847619534,0.012963643297553062,0.009783538058400154,0.008462341502308846,1.941828727722168,0.020440302789211273,0.015044582076370716,0.004199078306555748,0.017723090946674347,0.018458906561136246
212,wrong -> refusal,refusal,96,0.027207674458622932,0.015183684416115284,0.812731146812439,0.008555064909160137,0.007115565240383148,0.010554390028119087,0.01639869622886181,0.007991527207195759,1.598215103149414,0.016823315992951393,0.012604006566107273,0.02961767092347145,0.015488846227526665,0.014286537654697895
569,wrong -> refusal,refusal,96,0.009439771994948387,0.018275968730449677,0.9297377467155457,0.009786712937057018,0.00815024133771658,0.008392219431698322,0.01208812277764082,0.008962109684944153,1.8748126029968262,0.01973486877977848,0.015171247534453869,0.008737688884139061,0.013503090478479862,0.017701974138617516
415,wrong -> refusal,refusal,96,0.02389809489250183,0.01936659775674343,0.8236771821975708,0.008670286275446415,0.007557875011116266,0.012472833506762981,0.018366824835538864,0.008550372906029224,2.1900360584259033,0.023053010925650597,0.01600933074951172,0.011496003717184067,0.02307477593421936,0.020711731165647507
586,wrong -> refusal,refusal,96,0.03226669505238533,0.01583424210548401,0.8966345191001892,0.009438257664442062,0.008284027688205242,0.004160547628998756,0.0076138898730278015,0.008982659317553043,1.5153894424438477,0.01595146767795086,0.012790844775736332,0.03437628597021103,0.030237892642617226,0.013543084263801575
353,wrong -> refusal,refusal,96,0.024965133517980576,0.01665634661912918,0.7906379699707031,0.00832250528037548,0.0068224892020225525,0.01342872902750969,0.024252874776721,0.008074714802205563,1.874948501586914,0.01973629929125309,0.014728455804288387,0.0151085639372468,0.015706241130828857,0.01767071895301342
396,wrong -> refusal,refusal,96,0.010950417257845402,0.018433941528201103,0.8850691318511963,0.009316517040133476,0.00895517598837614,0.012351100333034992,0.01039983332157135,0.009303838945925236,2.137010335922241,0.0224948450922966,0.01544045191258192,0.011176872067153454,0.022859841585159302,0.019917866215109825
311,wrong -> refusal,refusal,96,0.025473760440945625,0.021164536476135254,1.2236526012420654,0.012880553491413593,0.011990909464657307,0.012119469232857227,0.012637920677661896,0.012994339689612389,2.1652824878692627,0.022792447358369827,0.016117703169584274,0.018239350989460945,0.017750242725014687,0.020114529877901077
531,wrong -> refusal,refusal,96,0.008834710344672203,0.014387908391654491,0.8547443151473999,0.008997309021651745,0.007284956052899361,0.005330691579729319,0.0028874145355075598,0.008719351142644882,1.530580997467041,0.016111379489302635,0.01256029773503542,0.013826618902385235,0.008068748749792576,0.013699219562113285
365,wrong -> refusal,refusal,96,0.03162983059883118,0.01828676275908947,0.8501733541488647,0.00894919317215681,0.00847094226628542,0.010920440778136253,0.010090477764606476,0.008628022857010365,1.6114563941955566,0.016962699592113495,0.013944131322205067,0.020870953798294067,0.007952634245157242,0.014983928762376308
576,wrong -> refusal,refusal,96,0.019041629508137703,0.01604413241147995,0.7987635731697083,0.008408037945628166,0.007483108434826136,0.005732046440243721,0.012670031748712063,0.008433591574430466,1.931704044342041,0.020333725959062576,0.015536828897893429,0.023815054446458817,0.03884198144078255,0.0187327042222023
272,wrong -> refusal,refusal,96,0.036188576370477676,0.015691550448536873,0.8301743865013123,0.008738677948713303,0.008001577109098434,0.00905970111489296,0.007996727712452412,0.009051848202943802,1.7175445556640625,0.018079416826367378,0.012983092106878757,0.027461955323815346,0.026862531900405884,0.016034364700317383
150,wrong -> refusal,refusal,96,0.02119784988462925,0.017173325642943382,0.938361644744873,0.009877490811049938,0.007615865673869848,0.008751438930630684,0.010720883496105671,0.009083868004381657,1.8552111387252808,0.01952853798866272,0.013955491594970226,0.01809007115662098,0.014889807440340519,0.016023503616452217
519,wrong -> refusal,refusal,96,0.014566637575626373,0.018528221175074577,0.86611008644104,0.009116948582231998,0.007245084270834923,0.006433338392525911,0.012255264446139336,0.008031677454710007,2.0025107860565186,0.021079061552882195,0.015914853662252426,0.012703047133982182,0.02387882210314274,0.019835513085126877
77,wrong -> refusal,refusal,96,0.018917810171842575,0.02613198757171631,1.1246871948242188,0.011838812381029129,0.011387762613594532,0.01417421456426382,0.020187048241496086,0.010946330614387989,2.621859312057495,0.027598518878221512,0.019395945593714714,0.011612528003752232,0.020900672301650047,0.028290683403611183
491,wrong -> refusal,refusal,96,0.017314458265900612,0.01873628981411457,0.9874653220176697,0.010394372045993805,0.008716240525245667,0.012794976122677326,0.015377671457827091,0.008614819496870041,1.8324073553085327,0.019288498908281326,0.015055830590426922,0.005493921227753162,0.025650084018707275,0.01940043270587921
685,wrong -> refusal,refusal,96,0.006401639431715012,0.015086673200130463,0.9102917909622192,0.009582018479704857,0.00890463124960661,0.006804011762142181,0.015874119475483894,0.009314616210758686,1.7207846641540527,0.018113521859049797,0.01399213820695877,0.004532001446932554,0.020326517522335052,0.01566794142127037
404,wrong -> refusal,refusal,96,0.04006846994161606,0.020749546587467194,0.9392313957214355,0.009886646643280983,0.008003638125956059,0.011743218638002872,0.011790740303695202,0.009553317911922932,2.162839889526367,0.022766735404729843,0.019065551459789276,0.029844405129551888,0.030967682600021362,0.021009648218750954
399,wrong -> refusal,refusal,96,0.0063154674135148525,0.018345193937420845,0.7778922915458679,0.00818833988159895,0.007555387914180756,0.01060873456299305,0.00724160298705101,0.008009440265595913,1.8455045223236084,0.019426362589001656,0.015725085511803627,0.014232443645596504,0.03467240557074547,0.017620248720049858
55,wrong -> refusal,refusal,96,0.0339699424803257,0.016112161800265312,0.8086675405502319,0.008512290194630623,0.007200221065431833,0.01101079024374485,0.016779854893684387,0.008171102032065392,1.8048725128173828,0.018998658284544945,0.01401059702038765,0.02424684911966324,0.015237773768603802,0.01709347777068615
806,wrong -> refusal,refusal,96,0.0022040531039237976,0.015082078985869884,0.8448264002799988,0.008892909623682499,0.008040289394557476,0.0047033061273396015,0.004175528883934021,0.008963395841419697,1.6326667070388794,0.017185965552926064,0.013034299947321415,0.0053964233957231045,0.0037978379987180233,0.016736047342419624
577,wrong -> refusal,refusal,96,0.005579586140811443,0.013627897948026657,0.8666641712188721,0.00912278052419424,0.007824372500181198,0.006205232348293066,0.005685153882950544,0.00872016604989767,1.5501877069473267,0.016317766159772873,0.011393767781555653,0.007776852697134018,0.008816241286695004,0.013868669047951698
251,wrong -> refusal,refusal,96,0.007063567638397217,0.02053803764283657,0.8074657917022705,0.00849964004009962,0.007480699568986893,0.01234862208366394,0.010410395450890064,0.008155634626746178,2.3518764972686768,0.024756595492362976,0.01704852469265461,0.0056764367036521435,0.008386693894863129,0.023413104936480522
731,wrong -> refusal,refusal,96,0.012699933722615242,0.016178956255316734,0.7472942471504211,0.00786625500768423,0.006929988507181406,0.012654134072363377,0.0013636312214657664,0.007702306378632784,1.7178153991699219,0.0180822666734457,0.013248834758996964,0.008231958374381065,0.007179819047451019,0.01512660551816225
332,wrong -> refusal,refusal,96,0.021852150559425354,0.01782519742846489,0.8529285192489624,0.008978194557130337,0.008089199662208557,0.012498151510953903,0.01301006693392992,0.008144372142851353,2.062903881072998,0.02171477861702442,0.014798007905483246,0.025471678003668785,0.02583431638777256,0.018727829679846764
193,wrong -> refusal,refusal,96,0.0349387601017952,0.018400749191641808,0.8453248143196106,0.008898155763745308,0.007795310113579035,0.011138190515339375,0.012260555289685726,0.007782559841871262,1.8395878076553345,0.01936408132314682,0.014882753603160381,0.03342071920633316,0.03775516897439957,0.017684517428278923
280,wrong -> refusal,refusal,96,0.024476809427142143,0.017944736406207085,0.8434019684791565,0.00887791533023119,0.008363609202206135,0.011273644864559174,0.013737666420638561,0.008826729841530323,1.9138628244400024,0.020145924761891365,0.015480470843613148,0.013451722450554371,0.009540469385683537,0.018214114010334015
360,wrong -> refusal,refusal,96,0.015233769081532955,0.0172557570040226,0.870938777923584,0.009167776443064213,0.007441554218530655,0.012581072747707367,0.00640520453453064,0.008412755094468594,1.7447150945663452,0.018365422263741493,0.014163586311042309,0.004809540696442127,0.011407670564949512,0.016408946365118027
222,wrong -> refusal,refusal,96,0.0071891844272613525,0.018799463286995888,0.9922018051147461,0.01044422946870327,0.009001266211271286,0.008831759914755821,0.015398706309497356,0.010432387702167034,2.028780221939087,0.021355580538511276,0.015344391576945782,0.005192667245864868,0.019522570073604584,0.018011298030614853
119,wrong -> refusal,refusal,96,0.010809541679918766,0.01844237744808197,0.8999614715576172,0.009473278187215328,0.010129343718290329,0.013484259136021137,0.0083278464153409,0.009665321558713913,1.675142765045166,0.01763308234512806,0.01371029019355774,0.01636604219675064,0.023431774228811264,0.016099272295832634
467,wrong -> refusal,refusal,96,0.011048230342566967,0.01636366732418537,0.929286539554596,0.00978196319192648,0.007901097647845745,0.005541423801332712,0.012283368967473507,0.009587830863893032,1.706091284751892,0.017958855256438255,0.013749468140304089,0.012582240626215935,0.005951403174549341,0.016283176839351654
405,wrong -> refusal,refusal,96,0.023843733593821526,0.017179688438773155,0.8556954264640808,0.009007320739328861,0.00791673269122839,0.01084790751338005,0.014158163219690323,0.008659988641738892,1.821469783782959,0.01917336694896221,0.01415763795375824,0.013492154888808727,0.010171204805374146,0.015568826347589493
388,wrong -> refusal,refusal,96,0.007154103368520737,0.01571819931268692,0.8336437344551086,0.008775196969509125,0.006976110860705376,0.006255592219531536,0.007761193439364433,0.007850603200495243,1.7354645729064941,0.018268048763275146,0.013884030282497406,0.0071463449858129025,0.006604318041354418,0.01673598773777485
473,wrong -> refusal,refusal,96,0.01898433081805706,0.018662460148334503,0.8633309006690979,0.009087693877518177,0.008144427090883255,0.016465896740555763,0.02212768979370594,0.008449467830359936,2.0083558559417725,0.02114058844745159,0.014684599824249744,0.02462724782526493,0.03902026638388634,0.01817472279071808
263,wrong -> refusal,refusal,96,0.012343775480985641,0.01522822305560112,0.9893231391906738,0.01041392795741558,0.0085320258513093,0.011834202334284782,0.009306109510362148,0.009673094376921654,1.7106904983520508,0.018007269129157066,0.012949061580002308,0.006387245841324329,0.02202911488711834,0.014748984947800636
766,wrong -> refusal,refusal,96,0.01640899106860161,0.013893869705498219,0.8920203447341919,0.00938968826085329,0.007996621541678905,0.014585900120437145,0.00419575534760952,0.010130982846021652,1.386670470237732,0.014596531167626381,0.01059215608984232,0.003529560286551714,0.026785146445035934,0.0121572595089674
364,wrong -> refusal,refusal,96,0.029710525646805763,0.023989474400877953,0.9657412171363831,0.01016569696366787,0.011266544461250305,0.012980684638023376,0.008776535280048847,0.009514396078884602,2.204911947250366,0.023209599778056145,0.017653902992606163,0.02145109698176384,0.019971828907728195,0.02055060863494873
247,wrong -> refusal,refusal,96,0.013108516111969948,0.017896445468068123,0.9270926117897034,0.00975886918604374,0.007686656434088945,0.009639682248234749,0.011095499619841576,0.00913998018950224,1.7708932161331177,0.01864098198711872,0.014680257998406887,0.01169627159833908,0.00703770387917757,0.016708187758922577
532,wrong -> refusal,refusal,96,0.023877957835793495,0.018271831795573235,0.9767307043075562,0.010281375609338284,0.009691011160612106,0.00787650141865015,0.013147536665201187,0.010602380149066448,1.688949465751648,0.017778415232896805,0.01383211463689804,0.016018470749258995,0.006197049748152494,0.015359833836555481
20,wrong -> refusal,refusal,96,0.0099795488640666,0.018907830119132996,1.0143373012542725,0.010677235201001167,0.008243981748819351,0.005907848011702299,0.008753393776714802,0.009492283686995506,2.0132761001586914,0.021192379295825958,0.015346091240644455,0.005679576192051172,0.004548630677163601,0.018698520958423615
425,wrong -> refusal,refusal,96,0.008806325495243073,0.01771559566259384,0.9109990000724792,0.009589463472366333,0.008262047544121742,0.010858546011149883,0.01735765114426613,0.008668562397360802,2.1143598556518555,0.02225641906261444,0.015718428418040276,0.00516138318926096,0.026428602635860443,0.020273825153708458
499,wrong -> refusal,refusal,96,0.05316206067800522,0.019905420020222664,1.1033058166503906,0.011613745242357254,0.011320412158966064,0.012893124483525753,0.013998647220432758,0.012762796133756638,2.186258554458618,0.023013247177004814,0.018919596448540688,0.04167024791240692,0.03902065381407738,0.0231271144002676
587,wrong -> refusal,refusal,96,0.006830981932580471,0.01678607426583767,0.8537774085998535,0.008987130597233772,0.008003059774637222,0.008269031532108784,0.0067968107759952545,0.008970875293016434,1.85574209690094,0.019534127786755562,0.013694698922336102,0.011158104985952377,0.028707079589366913,0.016216928139328957
568,wrong -> refusal,refusal,96,0.02575232833623886,0.018492065370082855,0.831325113773346,0.008750790730118752,0.007165588438510895,0.01392095535993576,0.009100220166146755,0.008113802410662174,1.9081071615219116,0.02008533850312233,0.01596328429877758,0.015408097766339779,0.030801229178905487,0.018133793026208878
746,wrong -> refusal,refusal,96,0.002026626840233803,0.01479724794626236,0.9068322777748108,0.009545602835714817,0.007617745082825422,0.008205661550164223,0.014275739900767803,0.008645963855087757,1.5937353372573853,0.016776161268353462,0.012306605465710163,0.009607996791601181,0.013368639163672924,0.013774825260043144
259,wrong -> refusal,refusal,96,0.0141092324629426,0.015945805236697197,0.8628193140029907,0.00908230897039175,0.00751512823626399,0.008511480875313282,0.012879753485321999,0.009251274168491364,1.502765417098999,0.015818582847714424,0.012444202788174152,0.01411614939570427,0.0048645129427313805,0.014089545235037804
195,wrong -> refusal,refusal,96,0.011261108331382275,0.016482828184962273,0.8051254153251648,0.008475004695355892,0.006878638174384832,0.004455101676285267,0.011952604167163372,0.007852863520383835,1.941461443901062,0.02043643593788147,0.014881470240652561,0.015712283551692963,0.03362109512090683,0.018415313214063644
564,wrong -> refusal,refusal,96,0.0054472959600389,0.01570320501923561,0.8104161024093628,0.008530695922672749,0.006945221219211817,0.006546484772115946,0.0040744333527982235,0.008304099552333355,1.9224144220352173,0.02023594081401825,0.013802770525217056,0.006953859236091375,0.004687134176492691,0.017277508974075317
151,wrong -> refusal,refusal,96,0.012243187986314297,0.015286475419998169,0.8906378149986267,0.009375134482979774,0.007300097495317459,0.0031467038206756115,0.012136409990489483,0.008377978578209877,1.6528289318084717,0.017398199066519737,0.012395004741847515,0.013271401636302471,0.012169274501502514,0.01382034458220005
512,wrong -> refusal,refusal,96,0.0011680704774335027,0.01802588626742363,0.7438284158706665,0.007829773239791393,0.006868182215839624,0.011354821734130383,0.009889866225421429,0.007727328222244978,1.99708890914917,0.02102198824286461,0.01495197881013155,0.010819428600370884,0.013180340640246868,0.018462209030985832
134,wrong -> refusal,refusal,96,0.047088008373975754,0.02161361277103424,0.9422772526741028,0.009918708354234695,0.011041807942092419,0.010715248063206673,0.013401124626398087,0.0093819135800004,2.036858320236206,0.021440614014863968,0.015955422073602676,0.03857573866844177,0.020050501450896263,0.018138496205210686
665,wrong -> refusal,refusal,96,0.011207872070372105,0.016172783449292183,0.8377838730812073,0.008818777278065681,0.007692332845181227,0.012346590869128704,0.016033774241805077,0.009016022086143494,1.5813860893249512,0.016646169126033783,0.012894369661808014,0.01254553347826004,0.016255035996437073,0.014311116188764572
386,wrong -> refusal,refusal,96,0.009075460024178028,0.01738046668469906,1.0053973197937012,0.010583129711449146,0.008303978480398655,0.00933548342436552,0.01569269225001335,0.00923073198646307,1.673216700553894,0.01761280745267868,0.013634615577757359,0.012485451065003872,0.021105557680130005,0.015417167916893959
617,wrong -> refusal,refusal,96,0.004072895273566246,0.016430430114269257,0.824487566947937,0.008678816258907318,0.007617281284183264,0.012700953520834446,0.009643509984016418,0.008372562006115913,1.7353087663650513,0.018266407772898674,0.013609938323497772,0.011316024698317051,0.0318082794547081,0.016044925898313522
309,wrong -> refusal,refusal,96,0.003318988485261798,0.014923688024282455,0.818396270275116,0.008614697493612766,0.0077958181500434875,0.010822590440511703,0.011119195260107517,0.008371838368475437,1.5995985269546509,0.01683788001537323,0.012166901491582394,0.01136096753180027,0.02269490249454975,0.01339766476303339
722,wrong -> refusal,refusal,96,0.0123475706204772,0.016543449833989143,0.9068975448608398,0.009546290151774883,0.0076451487839221954,0.011186965741217136,0.020751718431711197,0.008526653051376343,1.8968355655670166,0.019966689869761467,0.013676811940968037,0.010442444123327732,0.013027931563556194,0.015940051525831223
773,wrong -> refusal,refusal,96,0.03931814432144165,0.019462600350379944,1.0353822708129883,0.01089876051992178,0.00895704235881567,0.012615833431482315,0.01289043202996254,0.00925720576196909,1.8940526247024536,0.01993739604949951,0.015533488243818283,0.02743622101843357,0.028495464473962784,0.01770397648215294
753,wrong -> refusal,refusal,96,0.019598398357629776,0.016569264233112335,0.8285325765609741,0.008721395395696163,0.007253967225551605,0.011174276471138,0.013371296226978302,0.008159909397363663,1.8097782135009766,0.019050296396017075,0.013414925895631313,0.011886782944202423,0.02884693071246147,0.016298087313771248
621,wrong -> refusal,refusal,96,0.0018488091882318258,0.01754946820437908,1.0923513174057007,0.011498434469103813,0.008877657353878021,0.01016684714704752,0.019422704353928566,0.011751350946724415,1.8427605628967285,0.01939748041331768,0.014499410055577755,0.009721570648252964,0.011267976835370064,0.016754761338233948
138,wrong -> refusal,refusal,96,0.0236868467181921,0.019744204357266426,0.9133043885231018,0.009613730013370514,0.009350469335913658,0.014077677391469479,0.01757129095494747,0.00968999695032835,2.2002785205841064,0.023160826414823532,0.016690926626324654,0.03161969408392906,0.03062869794666767,0.020327888429164886
200,wrong -> refusal,refusal,96,0.010377923958003521,0.01639861986041069,0.8425461053848267,0.008868906646966934,0.007547317538410425,0.014784152619540691,0.01558899600058794,0.008219248615205288,1.7094190120697021,0.017993884161114693,0.013006803579628468,0.016964776441454887,0.030862530693411827,0.014301829971373081
107,wrong -> refusal,refusal,96,0.013659405522048473,0.01889517717063427,0.8277623057365417,0.00871328730136156,0.008327757939696312,0.014357787556946278,0.011961459182202816,0.009082582779228687,1.8789104223251343,0.01977800391614437,0.014815977774560452,0.020668135955929756,0.014665983617305756,0.01769617572426796
640,wrong -> refusal,refusal,96,0.011719642207026482,0.015744352713227272,0.7693142890930176,0.008098045364022255,0.007186051458120346,0.01460757665336132,0.017973868176341057,0.007881467230618,1.743971586227417,0.018357595428824425,0.013242932967841625,0.00562323909252882,0.01477835327386856,0.01573636569082737
434,wrong -> refusal,refusal,96,0.011277656070888042,0.016005070880055428,0.8098748922348022,0.008524999022483826,0.007185839116573334,0.012201301753520966,0.009744509123265743,0.008013294078409672,1.7287217378616333,0.01819707080721855,0.013539613224565983,0.010762747377157211,0.008697224780917168,0.015053139068186283
322,wrong -> refusal,refusal,96,0.007405850570648909,0.018228115513920784,0.8426850438117981,0.00887036882340908,0.008799032308161259,0.013306536711752415,0.014772486872971058,0.008682114072144032,1.904191493988037,0.020044121891260147,0.014640872366726398,0.008596264757215977,0.012837892398238182,0.017316456884145737
166,wrong -> refusal,refusal,96,,,0.703620195388794,0.007406528573483229,0.011119413189589977,0.013448493555188179,0.01695762388408184,0.007214179262518883,,,,,,
653,wrong -> refusal,refusal,96,,,0.952001690864563,0.010021070018410683,0.007557637523859739,0.012566412799060345,0.009156826883554459,0.008149264380335808,,,,,,
610,wrong -> refusal,refusal,96,,,0.7715157270431519,0.008121218532323837,0.006776073481887579,0.010341559536755085,0.0071232435293495655,0.0072139548137784,,,,,,
229,wrong -> refusal,refusal,96,,,0.9352933168411255,0.009845192544162273,0.0074361287988722324,0.009160284884274006,0.008519858121871948,0.007942820899188519,,,,,,
206,wrong -> refusal,refusal,96,0.002284509362652898,0.01850738190114498,1.0097814798355103,0.010629278607666492,0.009846785105764866,0.013208458200097084,0.013431021012365818,0.009388992562890053,1.9586271047592163,0.020617127418518066,0.014963244087994099,0.015474050305783749,0.033592697232961655,0.018049363046884537
618,wrong -> refusal,refusal,96,0.026917127892374992,0.021784573793411255,0.9855822920799255,0.010374550707638264,0.008303211070597172,0.011354358866810799,0.01952303946018219,0.008807186968624592,2.355720281600952,0.02479705587029457,0.01837436482310295,0.015632769092917442,0.0179380401968956,0.021270766854286194
634,wrong -> refusal,refusal,96,,,1.012584924697876,0.010658788494765759,0.010048805736005306,0.009619430638849735,0.014187665656208992,0.011854209005832672,,,,,,
556,wrong -> refusal,refusal,96,0.03654678538441658,0.021786421537399292,0.8422085046768188,0.008865352720022202,0.009611833840608597,0.008977859281003475,0.002504669362679124,0.009531911462545395,2.4822237491607666,0.026128670200705528,0.019528886303305626,0.027676131576299667,0.02741437777876854,0.024277878925204277
306,wrong -> refusal,refusal,96,0.008126676082611084,0.014079849235713482,0.9762845635414124,0.010276679880917072,0.007555054966360331,0.008740722201764584,0.00828254222869873,0.009038898162543774,1.5435373783111572,0.016247762367129326,0.01168737467378378,0.016296779736876488,0.02376125566661358,0.013154933229088783
214,wrong -> refusal,refusal,96,0.017845846712589264,0.019083740189671516,0.8839554786682129,0.009304794482886791,0.0074501908384263515,0.010978717356920242,0.01830233447253704,0.008021076209843159,1.9107462167739868,0.02011311799287796,0.015212814323604107,0.010961322113871574,0.005256269592791796,0.018430138006806374
290,wrong -> refusal,refusal,96,0.021476127207279205,0.017828678712248802,1.0375407934188843,0.010921481996774673,0.008194194175302982,0.006208033766597509,0.0065397764556109905,0.010175100527703762,1.7056244611740112,0.017953941598534584,0.01456749439239502,0.018775586038827896,0.0110617121681571,0.01653614640235901
710,wrong -> refusal,refusal,96,0.01580677554011345,0.016146769747138023,0.8126386404037476,0.00855409074574709,0.007703124079853296,0.009302416816353798,0.011424826458096504,0.007867212407290936,1.8292149305343628,0.01925489492714405,0.01398709136992693,0.013189731165766716,0.011174828745424747,0.01710488088428974
44,wrong -> refusal,refusal,96,0.0014590744394809008,0.018342578783631325,1.0447180271148682,0.010997031815350056,0.009200445376336575,0.01191792730242014,0.01153488364070654,0.01003306545317173,1.7861837148666382,0.018801933154463768,0.014071375131607056,0.010965428315103054,0.015462992712855339,0.01614365167915821
567,wrong -> refusal,refusal,96,0.025174371898174286,0.021537745371460915,1.0274754762649536,0.010815531015396118,0.010071273893117905,0.009680528193712234,0.01686537265777588,0.009881802834570408,2.1108572483062744,0.022219549864530563,0.017338735982775688,0.01952415518462658,0.013900809921324253,0.01989920623600483
318,wrong -> refusal,refusal,96,,,1.1538324356079102,0.012145604938268661,0.00845786090940237,0.00836633425205946,0.0225706584751606,0.013011137954890728,,,,,,
449,wrong -> refusal,refusal,96,0.004579080734401941,0.019552983343601227,0.7760582566261292,0.008169034495949745,0.007073619868606329,0.01181140635162592,0.012167682871222496,0.007628639228641987,2.0994105339050293,0.02209905907511711,0.019624849781394005,0.015058713033795357,0.030578764155507088,0.020034754648804665
45,wrong -> refusal,refusal,96,0.0014576188987120986,0.018336663022637367,0.9145328998565674,0.009626662358641624,0.009523754939436913,0.013864072971045971,0.014521435834467411,0.008822457864880562,1.8413349390029907,0.019382473081350327,0.014414302073419094,0.013272971846163273,0.023067865520715714,0.01672353968024254
5,wrong -> refusal,refusal,96,,,0.7335740327835083,0.007721832022070885,0.008436966687440872,0.011209999211132526,0.009522240608930588,0.0070054661482572556,,,,,,
371,wrong -> refusal,refusal,96,0.017673293128609657,0.01966899447143078,1.0152620077133179,0.010686968453228474,0.008847972378134727,0.010096409358084202,0.010715733282268047,0.009538847953081131,2.00174880027771,0.021071039140224457,0.015505470335483551,0.016040461137890816,0.013997158966958523,0.017120644450187683
715,wrong -> refusal,refusal,96,,,1.2030017375946045,0.012663176283240318,0.016484597697854042,0.011439907364547253,0.011657011695206165,0.01205386221408844,,,,,,
198,wrong -> correct,gold,96,0.02477862872183323,0.022276034578680992,0.9762079119682312,0.01027587242424488,0.010226145386695862,0.008134202100336552,0.01170462928712368,0.011021655984222889,2.237759590148926,0.023555364459753036,0.017854293808341026,0.017926834523677826,0.0167611762881279,0.0248850230127573
641,wrong -> correct,gold,96,0.050887491554021835,0.019081255421042442,0.864062488079071,0.009095394983887672,0.008552373386919498,0.015518643893301487,0.0137211037799716,0.009024687111377716,2.0522022247314453,0.021602129563689232,0.015402541495859623,0.03706967830657959,0.03638947010040283,0.02102803811430931
575,wrong -> correct,gold,96,0.015678947791457176,0.019800448790192604,0.9690417051315308,0.010200439020991325,0.009789182804524899,0.012106383219361305,0.011803217232227325,0.009191902354359627,1.890468716621399,0.019899670034646988,0.014469001442193985,0.003845012513920665,0.0044366903603076935,0.018224472180008888
148,wrong -> correct,gold,96,0.0561215840280056,0.019994767382740974,0.9535707235336304,0.010037587024271488,0.007990012876689434,0.012312297709286213,0.013681812211871147,0.009471011348068714,2.045301675796509,0.021529491990804672,0.018782557919621468,0.04383045434951782,0.02432130090892315,0.02029424160718918
99,wrong -> correct,gold,96,0.02581377513706684,0.014859214425086975,0.8659021854400635,0.009114759974181652,0.007711751852184534,0.010543844662606716,0.0062050726264715195,0.008834871463477612,1.60073983669281,0.01684989221394062,0.013283652253448963,0.01742388866841793,0.014649334363639355,0.015111373737454414
748,wrong -> correct,gold,96,0.038587786257267,0.027937958016991615,1.0745630264282227,0.011311190202832222,0.013429169543087482,0.01417778991162777,0.003593271365389228,0.011652573011815548,2.632939100265503,0.027715148404240608,0.020406708121299744,0.02441314049065113,0.039213627576828,0.026242446154356003
522,wrong -> correct,gold,96,0.01579337567090988,0.015311251394450665,0.9223418831825256,0.009708861820399761,0.007983647286891937,0.0061921533197164536,0.008399621583521366,0.009307872503995895,1.8222875595092773,0.019181974232196808,0.013726280070841312,0.010474411770701408,0.011667128652334213,0.01680898107588291
607,wrong -> correct,gold,96,0.01352651696652174,0.014950643293559551,0.7674630880355835,0.008078558370471,0.006393813993781805,0.015104678459465504,0.01820923574268818,0.0075025116093456745,1.5612326860427856,0.01643402874469757,0.012529626488685608,0.004687332082539797,0.026131093502044678,0.014059808105230331
146,wrong -> correct,gold,96,0.018690627068281174,0.019651422277092934,0.6371675133705139,0.006707026623189449,0.006173677276819944,0.011502865701913834,0.01412714272737503,0.007149299141019583,2.3100216388702393,0.02431601658463478,0.01829434558749199,0.00897402223199606,0.003047288628295064,0.026646550744771957
541,wrong -> correct,gold,96,0.0723215863108635,0.016366662457585335,0.8662004470825195,0.00911789946258068,0.0068412707187235355,0.011617391370236874,0.01916348561644554,0.008201765827834606,1.8683074712753296,0.019666394218802452,0.015118698589503765,0.06087492033839226,0.064855195581913,0.018926342949271202
807,wrong -> correct,gold,96,0.022677963599562645,0.026620522141456604,0.8183181285858154,0.00861387513577938,0.008120454847812653,0.011638426221907139,0.005079231224954128,0.008223297074437141,3.005371332168579,0.03163548931479454,0.02237381972372532,0.011195853352546692,0.028578689321875572,0.030370300635695457
704,wrong -> correct,gold,96,0.007863076403737068,0.017907576635479927,1.0299731492996216,0.010841822251677513,0.008635093457996845,0.006849256344139576,0.015177031978964806,0.01164551917463541,2.124791383743286,0.022366225719451904,0.014893759042024612,0.010484862141311169,0.012812811881303787,0.018325654789805412
250,wrong -> correct,gold,96,0.029349805787205696,0.0198114812374115,0.9432497620582581,0.009928944520652294,0.008631245233118534,0.01676139421761036,0.004335212521255016,0.008809778839349747,2.101292610168457,0.02211887016892433,0.015427365899085999,0.012589652091264725,0.026186585426330566,0.02106085605919361
407,wrong -> correct,gold,96,0.024226680397987366,0.016665073111653328,0.8848671913146973,0.009314391762018204,0.007358973380178213,0.010633700527250767,0.01412058062851429,0.009576432406902313,1.6585866212844849,0.017458805814385414,0.014140166342258453,0.015148459933698177,0.01614384725689888,0.014352560043334961
608,wrong -> correct,gold,96,0.032108124345541,0.01742536388337612,0.9378809928894043,0.009872431866824627,0.007974202744662762,0.015605214983224869,0.026219990104436874,0.00906586553901434,1.6334528923034668,0.017194241285324097,0.0136970030143857,0.016575375571846962,0.027351094409823418,0.014805207960307598
636,wrong -> correct,gold,96,0.006403921637684107,0.01625709794461727,0.9763169288635254,0.010277020744979382,0.008089069277048111,0.008002114482223988,0.008642910048365593,0.00908539816737175,1.9340763092041016,0.020358698442578316,0.01371073815971613,0.0018113285768777132,0.00885976292192936,0.017246194183826447
694,wrong -> correct,gold,96,0.02296510525047779,0.019261734560132027,0.878717303276062,0.009249655529856682,0.007543706800788641,0.016088861972093582,0.019590644165873528,0.008646816946566105,1.8554903268814087,0.019531477242708206,0.01600867323577404,0.006894959602504969,0.009920848533511162,0.020132822915911674
1,wrong -> correct,gold,96,0.026630910113453865,0.020957371219992638,0.8148419260978699,0.008577283471822739,0.008284702897071838,0.014322856441140175,0.015371435321867466,0.00778811052441597,1.8545500040054321,0.019521579146385193,0.015861479565501213,0.012390892952680588,0.01878247782588005,0.01926383003592491
137,wrong -> correct,gold,96,0.024208109825849533,0.017913369461894035,0.8965781927108765,0.009437665343284607,0.008164435625076294,0.013028948567807674,0.013433333486318588,0.008151943795382977,1.8759034872055054,0.01974635198712349,0.01429042499512434,0.012336545623838902,0.028278561308979988,0.017584649845957756
476,wrong -> correct,gold,96,0.03389941155910492,0.01965910755097866,0.8405189514160156,0.008847568184137344,0.010662776418030262,0.01656208373606205,0.020238490775227547,0.009511344134807587,1.6549338102340698,0.01742035523056984,0.012892666272819042,0.01845836639404297,0.022635189816355705,0.01482516247779131
225,wrong -> correct,gold,96,0.02158401906490326,0.018584376201033592,0.7754724025726318,0.008162867277860641,0.008238844573497772,0.0025107841938734055,0.009424629621207714,0.007874236442148685,2.009580135345459,0.02115347422659397,0.017329953610897064,0.020058246329426765,0.016712313517928123,0.019535353407263756
727,wrong -> correct,gold,96,0.013542916625738144,0.015595492906868458,0.7921514511108398,0.008338436484336853,0.007154494524002075,0.011992662213742733,0.015148851089179516,0.008150122128427029,1.5506623983383179,0.01632276177406311,0.012877990491688251,0.005259768571704626,0.01592843048274517,0.014546219259500504
533,wrong -> correct,gold,96,0.023403428494930267,0.019190272316336632,0.8110037446022034,0.008536881767213345,0.007131022866815329,0.0060611627995967865,0.006483654025942087,0.008359882980585098,1.8272145986557007,0.019233837723731995,0.016770480200648308,0.017759423702955246,0.018643900752067566,0.018512707203626633
58,wrong -> correct,gold,96,0.027006497606635094,0.01812492124736309,1.0499621629714966,0.011052233166992664,0.00885245855897665,0.01078915037214756,0.009914216585457325,0.009482151828706264,1.626476764678955,0.017120808362960815,0.013126864098012447,0.01640242338180542,0.009663927368819714,0.015785690397024155
133,wrong -> correct,gold,96,0.02073630504310131,0.019034424796700478,0.958991527557373,0.01009464729577303,0.009061334654688835,0.011223789304494858,0.0067138634622097015,0.009312497451901436,2.063767194747925,0.02172386460006237,0.014918618835508823,0.015591287054121494,0.016140850260853767,0.017570912837982178
462,wrong -> correct,gold,96,0.015381723642349243,0.016713442280888557,0.9333717226982117,0.0098249651491642,0.008922425098717213,0.01078120432794094,0.017143256962299347,0.008956626988947392,1.767424464225769,0.018604468554258347,0.013519310392439365,0.005961509421467781,0.028933286666870117,0.01570798084139824
90,wrong -> correct,gold,96,0.025038104504346848,0.018302010372281075,0.8791664242744446,0.009254383854568005,0.006902253720909357,0.009241311810910702,0.016006356105208397,0.008298598229885101,1.9443849325180054,0.020467210561037064,0.015294015407562256,0.016098249703645706,0.012880049645900726,0.018922295421361923
642,wrong -> correct,gold,96,0.02196008712053299,0.01698232628405094,0.7474784255027771,0.00786819402128458,0.006738667842000723,0.011637991294264793,0.014952370896935463,0.007935498841106892,1.927613377571106,0.020290667191147804,0.014372087083756924,0.010329428128898144,0.01115090399980545,0.017249232158064842
2,wrong -> correct,gold,96,0.04630298912525177,0.018608244135975838,0.8783559203147888,0.009245852008461952,0.007775520905852318,0.009218123741447926,0.01235155202448368,0.008636078797280788,2.166867256164551,0.02280912920832634,0.016112416982650757,0.03781675919890404,0.029769495129585266,0.021748851984739304
46,wrong -> correct,gold,96,0.044467490166425705,0.019508453086018562,0.8137346506118774,0.008565627969801426,0.00754577899351716,0.012484620325267315,0.01589573174715042,0.008537634275853634,1.7821120023727417,0.018759073689579964,0.015969885513186455,0.03253185376524925,0.026933841407299042,0.017243744805455208
527,wrong -> correct,gold,96,0.009130649268627167,0.02012813277542591,0.8216237425804138,0.008648671209812164,0.007961097173392773,0.011931692250072956,0.0150192491710186,0.00811452604830265,1.9412870407104492,0.020434601232409477,0.01664520427584648,0.0035686364863067865,0.004241463728249073,0.01916196197271347
752,wrong -> correct,gold,96,0.033484555780887604,0.021372800692915916,0.8872053027153015,0.009339002892374992,0.0104951411485672,0.01843034103512764,0.02051539719104767,0.008905379101634026,1.7006042003631592,0.017901096493005753,0.01452415157109499,0.015091197565197945,0.013982372358441353,0.01988891139626503
62,wrong -> correct,gold,96,0.03700938820838928,0.01610235683619976,0.8361444473266602,0.008801520802080631,0.007654614746570587,0.011590829119086266,0.008162984624505043,0.00857157725840807,1.4858776330947876,0.01564081758260727,0.01241911668330431,0.027370525524020195,0.03557245060801506,0.014404471032321453
78,wrong -> correct,gold,96,0.04501960799098015,0.021579841151833534,0.7157478332519531,0.007534187752753496,0.0064507536590099335,0.012901284731924534,0.016555849462747574,0.007504814304411411,2.3811354637145996,0.025064583867788315,0.018788404762744904,0.03235112503170967,0.03138013184070587,0.022756487131118774
343,wrong -> correct,gold,96,0.02660912089049816,0.01881340704858303,0.9754422307014465,0.010267812758684158,0.00839157123118639,0.012262231670320034,0.014789702370762825,0.009065096266567707,1.8869165182113647,0.019862279295921326,0.015615359880030155,0.015544394962489605,0.021174192428588867,0.019136276096105576
615,wrong -> correct,gold,96,0.02895404025912285,0.019298337399959564,1.0296803712844849,0.01083874050527811,0.008113986812531948,0.010747703723609447,0.011302872560918331,0.009423070587217808,1.8867945671081543,0.019860995933413506,0.015351255424320698,0.01842866651713848,0.012227191589772701,0.017089718952775
403,wrong -> correct,gold,96,0.02630302682518959,0.020130133256316185,0.8052162528038025,0.008475960232317448,0.00855085626244545,0.012855654582381248,0.009225967340171337,0.0077185374684631824,1.8440414667129517,0.019410962238907814,0.01571737788617611,0.013448553159832954,0.025262437760829926,0.01699698716402054
328,wrong -> correct,gold,96,0.02544792927801609,0.01734243892133236,0.9075585007667542,0.009553247131407261,0.007859847508370876,0.01066256407648325,0.006307432893663645,0.00851970911026001,1.7576310634613037,0.01850138045847416,0.013558946549892426,0.015876006335020065,0.010883711278438568,0.01656731590628624
235,wrong -> correct,gold,96,0.01712019555270672,0.01746821589767933,0.9589076042175293,0.010093764401972294,0.008070926181972027,0.008460807614028454,0.012646219693124294,0.009088100865483284,1.9115114212036133,0.020121172070503235,0.014601762406527996,0.011749734170734882,0.016204165294766426,0.016964470967650414
208,wrong -> correct,gold,96,0.01633969135582447,0.019368084147572517,1.182598352432251,0.012448403984308243,0.009632992558181286,0.012320303358137608,0.006524181924760342,0.010240470990538597,1.8638198375701904,0.019619155675172806,0.015387912280857563,0.004541920032352209,0.02378367818892002,0.017449958249926567
374,wrong -> correct,gold,96,0.015395306050777435,0.01563912443816662,0.9390595555305481,0.009884837083518505,0.007436735089868307,0.012313020415604115,0.021914340555667877,0.00835420098155737,1.7226444482803345,0.018133100122213364,0.013082032091915607,0.003181572537869215,0.011275018565356731,0.014427508227527142
443,wrong -> correct,gold,96,0.026925858110189438,0.020801829174160957,0.888309895992279,0.009350630454719067,0.007838713936507702,0.00970645435154438,0.004031346179544926,0.00882375705987215,2.5042078495025635,0.026360083371400833,0.018568867817521095,0.019133029505610466,0.01433749683201313,0.024015899747610092
12,wrong -> correct,gold,96,0.046373333781957626,0.015858350321650505,0.6844021081924438,0.0072042327374219894,0.007537133991718292,0.005229573231190443,0.006033284589648247,0.007883135229349136,1.7159353494644165,0.018062477931380272,0.014373932965099812,0.04114560782909393,0.03463079035282135,0.01624595746397972
591,wrong -> correct,gold,96,0.0473460853099823,0.017485911026597023,0.8761066198348999,0.009222174994647503,0.007651025895029306,0.012204746715724468,0.012468904256820679,0.008770410902798176,1.794545292854309,0.018889950588345528,0.013729497790336609,0.03546475991606712,0.03183204308152199,0.018010927364230156
61,wrong -> correct,gold,96,0.03624629229307175,0.017197543755173683,0.9338275194168091,0.009829763323068619,0.0075348843820393085,0.010875625535845757,0.010229749605059624,0.008333232253789902,1.7992912530899048,0.01893990859389305,0.014079145155847073,0.025530194863677025,0.042606502771377563,0.016072431579232216
301,wrong -> correct,gold,96,0.0402059443295002,0.02140001207590103,0.9994979500770569,0.010521030984818935,0.008879106491804123,0.01383389811962843,0.01545540988445282,0.008753239177167416,2.157223701477051,0.02270761877298355,0.01626264676451683,0.026379931718111038,0.007123927120119333,0.01993160881102085
379,wrong -> correct,gold,96,0.03429991751909256,0.016907615587115288,1.1225087642669678,0.011815881356596947,0.009454337880015373,0.01520232018083334,0.023541735485196114,0.013758229091763496,1.6218913793563843,0.017072541639208794,0.01351981982588768,0.019910041242837906,0.02297777123749256,0.015405689366161823
196,wrong -> correct,gold,96,0.055817581713199615,0.02329908311367035,0.9870334267616272,0.010389825329184532,0.008771232329308987,0.014035545289516449,0.01821768656373024,0.009385078214108944,2.4404544830322266,0.02568899467587471,0.019239740446209908,0.04302709549665451,0.024816742166876793,0.0236850343644619
689,wrong -> correct,gold,96,0.026325814425945282,0.017914140596985817,0.974115252494812,0.010253844782710075,0.008284795098006725,0.013146881014108658,0.01669873110949993,0.010464590042829514,2.1602625846862793,0.022739605978131294,0.0147292735055089,0.01823967508971691,0.02089504525065422,0.01829993724822998
357,wrong -> correct,gold,96,0.007782777305692434,0.017061350867152214,0.8286529779434204,0.008722662925720215,0.0070442440919578075,0.008055622689425945,0.013971799984574318,0.008236720226705074,1.9530413150787354,0.020558329299092293,0.01439464557915926,0.004866402596235275,0.01182536967098713,0.018503356724977493
548,wrong -> correct,gold,96,0.040935270488262177,0.01785549707710743,0.7227001786231995,0.007607370149344206,0.006423000246286392,0.008187166415154934,0.011611207388341427,0.007229913026094437,2.0129706859588623,0.021189164370298386,0.016216309741139412,0.032879408448934555,0.029310062527656555,0.01797381229698658
770,wrong -> correct,gold,96,0.029813900589942932,0.017130421474575996,0.770122230052948,0.008106550201773643,0.006510203238576651,0.007872123271226883,0.017865724861621857,0.007365571800619364,1.702723503112793,0.017923405393958092,0.014486203901469707,0.024180857464671135,0.013448935002088547,0.015605556778609753
384,wrong -> correct,gold,96,0.014532209374010563,0.015838442370295525,0.8437867760658264,0.008881965652108192,0.006834348198026419,0.013207756914198399,0.013281366787850857,0.00801435299217701,1.6501665115356445,0.017370173707604408,0.01264472771435976,0.0032134673092514277,0.009624980390071869,0.014830376952886581
340,wrong -> correct,gold,96,0.012450636364519596,0.0165611132979393,0.9516453742980957,0.010017319582402706,0.00846161786466837,0.00762202637270093,0.005633270367980003,0.009257454425096512,1.7411112785339355,0.018327487632632256,0.013132414780557156,0.006252562627196312,0.014687024056911469,0.01467784121632576
40,wrong -> correct,gold,96,0.00977607723325491,0.01957469992339611,0.9903184175491333,0.01042440440505743,0.008146412670612335,0.009406454861164093,0.01087354589253664,0.00891981739550829,1.9294414520263672,0.02030991017818451,0.015324033796787262,0.007647670339792967,0.023233192041516304,0.01671302504837513
283,wrong -> correct,gold,96,0.04138381406664848,0.02104739286005497,0.9099666476249695,0.009578595869243145,0.007883269339799881,0.009611892513930798,0.01009875163435936,0.008398552425205708,2.5548079013824463,0.026892714202404022,0.01879739947617054,0.032617807388305664,0.031273819506168365,0.027933215722441673
613,wrong -> correct,gold,96,0.03426000475883484,0.01643948443233967,0.8719840049743652,0.00917877908796072,0.008069013245403767,0.016147488728165627,0.012655803933739662,0.008836842142045498,1.6074035167694092,0.01692003756761551,0.012846062891185284,0.01852589286863804,0.02760031633079052,0.014233997091650963
679,wrong -> correct,gold,96,0.029219934716820717,0.015105300582945347,0.8917283415794373,0.009386613965034485,0.007636230438947678,0.009436314925551414,0.007206643000245094,0.008712325245141983,1.3885736465454102,0.014616564847528934,0.012063906528055668,0.02079438604414463,0.013261377811431885,0.013155755586922169
774,wrong -> correct,gold,96,0.016557272523641586,0.01663210429251194,0.829049289226532,0.008726834319531918,0.006901893299072981,0.0069137876853346825,0.0055303629487752914,0.007840190082788467,1.7761976718902588,0.018696818500757217,0.014318722300231457,0.010999047197401524,0.01852363534271717,0.016179708763957024
269,wrong -> correct,gold,96,0.023431772366166115,0.021950066089630127,0.9559791088104248,0.010062937624752522,0.009309007786214352,0.013083490543067455,0.01692790724337101,0.009339219890534878,2.484889268875122,0.026156729087233543,0.0174300204962492,0.01406072173267603,0.017737146466970444,0.02361689694225788
741,wrong -> correct,gold,96,0.0293838232755661,0.01661616377532482,0.8649996519088745,0.009105259552598,0.007113032508641481,0.005196553189307451,0.0030261618085205555,0.008067931979894638,1.6544780731201172,0.01741555891931057,0.013208877295255661,0.02421368658542633,0.02349577471613884,0.014213616959750652
743,wrong -> correct,gold,96,0.01962634176015854,0.021431798115372658,0.9925294518470764,0.010447678156197071,0.008138042874634266,0.010572182945907116,0.01396102737635374,0.009715158492326736,2.1169235706329346,0.022283406928181648,0.018466800451278687,0.009092864580452442,0.008097786456346512,0.0210510715842247
154,wrong -> correct,gold,96,0.013172514736652374,0.013723400421440601,0.9090967178344727,0.009569439105689526,0.007014899048954248,0.0029997616074979305,0.00539762806147337,0.008204630576074123,1.389931082725525,0.014630853198468685,0.011330422945320606,0.010591908358037472,0.009152009151875973,0.012397371232509613
517,wrong -> correct,gold,96,0.004596044309437275,0.01625024527311325,0.8439845442771912,0.008884048089385033,0.007208443712443113,0.003879854455590248,0.010887553915381432,0.007814419455826283,1.8388255834579468,0.019356058910489082,0.014445294626057148,0.003469757502898574,0.014938890002667904,0.01623465307056904
141,wrong -> correct,gold,96,0.03575323894619942,0.0170246884226799,0.7711647748947144,0.008117523975670338,0.007458055391907692,0.013493173755705357,0.024144889786839485,0.008282491937279701,1.8201040029525757,0.019158989191055298,0.013754662126302719,0.022297652438282967,0.033841196447610855,0.015770837664604187
205,wrong -> correct,gold,96,0.03187336027622223,0.020367762073874474,0.8408125042915344,0.008850658312439919,0.008342325687408447,0.01735013909637928,0.019118666648864746,0.008049995638430119,2.1121785640716553,0.02223345823585987,0.016238300129771233,0.015248382464051247,0.01048020925372839,0.019255809485912323
161,wrong -> correct,gold,96,0.03333519026637077,0.01640150509774685,0.8242186307907104,0.008675985969603062,0.007658469025045633,0.013116895221173763,0.009420075453817844,0.008494071662425995,1.7744852304458618,0.01867879182100296,0.013513848185539246,0.02144434116780758,0.03029853291809559,0.016558298841118813
299,wrong -> correct,gold,96,,,0.7706452012062073,0.008112054318189621,0.008115096017718315,0.009892606176435947,0.012991758063435555,0.007578276097774506,,,,,,
696,wrong -> correct,gold,96,0.023658717051148415,0.015658071264624596,0.6872442960739136,0.007234150543808937,0.006526973098516464,0.007024090737104416,0.01172306016087532,0.006999666802585125,1.6555615663528442,0.01742696389555931,0.014639568515121937,0.01682867296040058,0.0166473388671875,0.015188847668468952
738,wrong -> correct,gold,96,0.024268079549074173,0.018732087686657906,1.0594439506530762,0.011152041144669056,0.01031931396573782,0.012828031554818153,0.021041352301836014,0.011397906579077244,1.6793668270111084,0.01767754554748535,0.012778423726558685,0.01694004237651825,0.02922261506319046,0.015422314405441284
811,wrong -> correct,gold,96,0.023788094520568848,0.017129557207226753,0.7855802774429321,0.008269266225397587,0.008288302458822727,0.006372431293129921,0.011482472531497478,0.008693658746778965,1.8188064098358154,0.019145330414175987,0.013769052922725677,0.018987450748682022,0.014807702973484993,0.016656724736094475
486,wrong -> correct,gold,96,,,0.8085911273956299,0.008511485531926155,0.005980249959975481,0.01551002450287342,0.020173056051135063,0.006978352554142475,,,,,,
625,wrong -> correct,gold,96,,,1.1970335245132446,0.012600352987647057,0.010355865582823753,0.01249650027602911,0.023229997605085373,0.013947009108960629,,,,,,
92,wrong -> correct,gold,96,0.028799181804060936,0.020132573321461678,0.9249776005744934,0.009736605919897556,0.009479806758463383,0.013188401237130165,0.018700066953897476,0.00915681105107069,1.8756928443908691,0.019744135439395905,0.015622061677277088,0.01605530083179474,0.01442005019634962,0.017087751999497414
606,wrong -> correct,gold,96,0.02385820262134075,0.017771990969777107,0.7807256579399109,0.008218164555728436,0.007661222014576197,0.010715666227042675,0.004518021363765001,0.007777887396514416,1.6419131755828857,0.017283296212553978,0.013754863291978836,0.01318010687828064,0.008427639491856098,0.014960712753236294
79,wrong -> correct,gold,96,,,1.1009106636047363,0.011588533408939838,0.011299761943519115,0.008905893191695213,0.009210709482431412,0.013787636533379555,,,,,,
412,wrong -> correct,gold,96,0.027757922187447548,0.020649408921599388,0.8107302188873291,0.008534002117812634,0.0062795779667794704,0.012680402025580406,0.01619689352810383,0.007521531544625759,2.555034875869751,0.026895103976130486,0.018553543835878372,0.015886202454566956,0.015838714316487312,0.02314136177301407
501,wrong -> correct,gold,96,0.02618630789220333,0.01986202411353588,0.768696129322052,0.008091538213193417,0.006251784507185221,0.012613266706466675,0.016398509964346886,0.007311093620955944,2.2974445819854736,0.02418362721800804,0.018221592530608177,0.013614810071885586,0.020574914291501045,0.0212705098092556
664,wrong -> correct,gold,96,0.017849724739789963,0.017698073759675026,1.0058209896087646,0.01058758981525898,0.011670321226119995,0.010802298784255981,0.01150665432214737,0.013063577935099602,1.9041048288345337,0.020043209195137024,0.012699897401034832,0.007700404617935419,0.00812531914561987,0.016837356612086296
197,wrong -> correct,gold,96,0.07702519744634628,0.024314142763614655,0.9800078868865967,0.010315872728824615,0.008162662386894226,0.012247428297996521,0.011723250150680542,0.008264422416687012,2.5575098991394043,0.02692115679383278,0.020120808854699135,0.06503039598464966,0.045651502907276154,0.025492481887340546
354,wrong -> correct,gold,96,,,0.9557284712791443,0.01006030011922121,0.008586329407989979,0.008058642037212849,0.010410191491246223,0.010190469212830067,,,,,,
667,wrong -> correct,gold,96,0.020775774493813515,0.025390909984707832,1.0727895498275757,0.011292521841824055,0.01220741868019104,0.015539729967713356,0.015398034825921059,0.01076131034642458,2.5686521530151367,0.027038443833589554,0.019624942913651466,0.005743753630667925,0.015725446864962578,0.02355027012526989
453,wrong -> correct,gold,96,0.03653757646679878,0.019900036975741386,0.7724546194076538,0.008131100796163082,0.00720711937174201,0.009615857154130936,0.011134215630590916,0.007462141569703817,2.365220785140991,0.02489706128835678,0.018379082903265953,0.02851083129644394,0.011967639438807964,0.02448493055999279
143,wrong -> correct,gold,96,,,0.8315690159797668,0.008753358386456966,0.008739401586353779,0.013180114328861237,0.016421033069491386,0.007660643197596073,,,,,,
402,wrong -> correct,gold,96,0.022690018638968468,0.02072838693857193,0.8221278786659241,0.008653977885842323,0.006531968712806702,0.011423231102526188,0.009748388081789017,0.007678708527237177,2.543773889541626,0.026776567101478577,0.019201355054974556,0.012805507518351078,0.006507314741611481,0.0225960873067379
599,wrong -> correct,gold,96,0.014573365449905396,0.020020617172122,0.8513616919517517,0.008961701765656471,0.007866146974265575,0.012977132573723793,0.02327984757721424,0.007812686264514923,2.250714063644409,0.023691726848483086,0.01658126898109913,0.002525614108890295,0.03887280821800232,0.02134339138865471
666,wrong -> correct,gold,96,,,0.9615210890769958,0.01012127473950386,0.012968546710908413,0.015193185769021511,0.01895737834274769,0.009170850738883018,,,,,,
59,wrong -> correct,gold,96,,,1.1600704193115234,0.012211267836391926,0.011287136934697628,0.007150890305638313,0.022752150893211365,0.016375865787267685,,,,,,
768,wrong -> correct,gold,96,,,1.1789271831512451,0.012409759685397148,0.009279162622988224,0.008234621025621891,0.011166725307703018,0.010522417724132538,,,,,,
103,wrong -> correct,gold,96,,,0.5917394757270813,0.006228836718946695,0.006200994830578566,0.011122019030153751,0.01499965786933899,0.00671001011505723,,,,,,
755,wrong -> correct,gold,96,,,0.9727873206138611,0.010239866562187672,0.009738350287079811,0.012636082246899605,0.008712297305464745,0.009463902562856674,,,,,,
295,wrong -> correct,gold,96,,,0.8112995624542236,0.008539995178580284,0.009023847989737988,0.009806734509766102,0.01540457271039486,0.007253860589116812,,,,,,
270,wrong -> correct,gold,96,0.03068658709526062,0.016242774203419685,0.8479987978935242,0.008926303125917912,0.007726448122411966,0.011791272088885307,0.016704866662621498,0.007805044297128916,1.8694636821746826,0.019678564742207527,0.014794972725212574,0.019231094047427177,0.01187177188694477,0.015352960675954819
18,wrong -> correct,gold,96,,,0.9281850457191467,0.009770369157195091,0.010355493053793907,0.013038977049291134,0.011690286919474602,0.00819670781493187,,,,,,
604,wrong -> correct,gold,96,0.03782116249203682,0.022015392780303955,0.7932494282722473,0.008349994197487831,0.007830945774912834,0.018589379265904427,0.026289919391274452,0.007487185765057802,2.46894907951355,0.02598893828690052,0.019283531233668327,0.019808093085885048,0.02754383720457554,0.02289048582315445
167,wrong -> correct,gold,96,,,1.0518006086349487,0.0110715851187706,0.007834553718566895,0.009604163467884064,0.010920388624072075,0.009731190279126167,,,,,,
126,wrong -> correct,gold,96,,,0.8098965883255005,0.008525227196514606,0.007928465493023396,0.012677092105150223,0.021240724250674248,0.0069165606983006,,,,,,
54,wrong -> correct,gold,96,0.02204936556518078,0.020115317776799202,0.9226136207580566,0.009711721912026405,0.008278976194560528,0.007584501523524523,0.007054102141410112,0.00896703265607357,2.0406649112701416,0.021480683237314224,0.016745593398809433,0.01446498092263937,0.021054137498140335,0.02038494311273098
475,wrong -> correct,gold,96,,,0.9596111178398132,0.010101169347763062,0.0102384639903903,0.005786331370472908,0.005708645563572645,0.010463492013514042,,,,,,
469,wrong -> correct,gold,96,,,0.9112405776977539,0.009592005982995033,0.010103393346071243,0.012964059598743916,0.013324018567800522,0.007778893690556288,,,,,,
124,wrong -> correct,gold,96,0.04914050176739693,0.02160271443426609,0.6911385655403137,0.007275142706930637,0.007105402648448944,0.012836866080760956,0.016703683882951736,0.006962630897760391,2.19858455657959,0.023142995312809944,0.017636192962527275,0.037070732563734055,0.03885619714856148,0.021298296749591827
488,wrong -> correct,gold,96,0.03284267708659172,0.024165475741028786,0.8151772022247314,0.008580812253057957,0.009353497065603733,0.013463292270898819,0.01565207913517952,0.009278596378862858,2.407270908355713,0.025339694693684578,0.02009488455951214,0.019476059824228287,0.011169729754328728,0.023334985598921776
708,wrong -> correct,gold,96,0.053166016936302185,0.02216385304927826,0.8196781873703003,0.00862819142639637,0.007589156273752451,0.01921488344669342,0.02332291007041931,0.00853978842496872,2.4882960319519043,0.026192590594291687,0.019120192155241966,0.0340128056704998,0.017068980261683464,0.024050964042544365
638,wrong -> correct,gold,96,0.018009720370173454,0.02037699706852436,0.82038813829422,0.008635664358735085,0.009194867685437202,0.008513038046658039,0.016106482595205307,0.007293587550520897,2.251307249069214,0.023697970435023308,0.017132144421339035,0.012903654016554356,0.010617634281516075,0.019936850294470787
408,wrong -> correct,gold,96,0.04260401055216789,0.023768439888954163,0.8308053016662598,0.008745319209992886,0.01198702584952116,0.024572603404521942,0.027398867532610893,0.00901009701192379,2.208569049835205,0.0232480950653553,0.01768169179558754,0.018163489177823067,0.02422693371772766,0.01954255998134613
588,wrong -> correct,gold,96,,,0.8321945667266846,0.008759942837059498,0.008329725824296474,0.015187923796474934,0.019741589203476906,0.007772196549922228,,,,,,
507,wrong -> correct,gold,96,0.10711142420768738,0.022257709875702858,1.0500527620315552,0.01105318684130907,0.011983789503574371,0.01851765625178814,0.009349489584565163,0.010600539855659008,1.9376713037490845,0.020396539941430092,0.015042014420032501,0.09149021655321121,0.09264033287763596,0.018740637227892876
525,wrong -> correct,gold,96,,,0.9139930605888367,0.00962097942829132,0.008671751245856285,0.005324610974639654,0.0209579486399889,0.00849356409162283,,,,,,
170,wrong -> correct,gold,96,0.0019609134178608656,0.01806102879345417,0.8792865872383118,0.009255648590624332,0.007957492023706436,0.004579947795718908,0.007407005410641432,0.008570968173444271,1.813156008720398,0.019085852429270744,0.014758656732738018,0.005994114093482494,0.012567988596856594,0.017020197585225105
245,wrong -> correct,gold,96,0.04302347078919411,0.02005389891564846,1.1515922546386719,0.012122023850679398,0.0105116693302989,0.0035896648187190294,0.013005212880671024,0.010331479832530022,2.2672078609466553,0.023865345865488052,0.017249884083867073,0.039853401482105255,0.037133216857910156,0.019487008452415466
656,wrong -> correct,gold,96,0.05382736399769783,0.01945340447127819,0.8195868730545044,0.008627230301499367,0.007322476711124182,0.011878987774252892,0.0078076873905956745,0.009065799415111542,2.444802761077881,0.025734765455126762,0.017682284116744995,0.04227687045931816,0.04225241765379906,0.0212258230894804
377,wrong -> correct,gold,96,0.008439897559583187,0.01567973755300045,1.0064847469329834,0.010594576597213745,0.009616224095225334,0.013095840811729431,0.010872763581573963,0.009258169680833817,1.7684261798858643,0.018615012988448143,0.013267390429973602,0.004837451968342066,0.010765058919787407,0.014562822878360748
698,wrong -> correct,gold,96,0.021583301946520805,0.017611246556043625,0.9119491577148438,0.009599464945495129,0.009174724109470844,0.010402868501842022,0.009286358021199703,0.009159047156572342,1.474973440170288,0.01552603580057621,0.012440323829650879,0.011182712391018867,0.014555754140019417,0.014928777702152729
52,wrong -> correct,gold,96,0.029493728652596474,0.016907228156924248,0.9224874973297119,0.009710394777357578,0.007925055921077728,0.009676993824541569,0.007348909042775631,0.009536759927868843,1.4807795286178589,0.015587152913212776,0.01251696702092886,0.0201596450060606,0.02509293146431446,0.0129005191847682
169,wrong -> correct,gold,96,,,1.2497975826263428,0.01315576396882534,0.010702184401452541,0.007387297227978706,0.009070569649338722,0.015458042733371258,,,,,,
409,wrong -> correct,gold,96,,,0.8075459599494934,0.008500483818352222,0.00933552160859108,0.014421164989471436,0.019129522144794464,0.00878085196018219,,,,,,
603,wrong -> correct,gold,96,0.014270378276705742,0.022347571328282356,1.223142385482788,0.012875182554125786,0.011219938285648823,0.010466650128364563,0.008940891362726688,0.01062012929469347,2.402334690093994,0.02528773434460163,0.0174818504601717,0.004454960580915213,0.018621014431118965,0.022571949288249016
81,wrong -> correct,gold,96,0.03240663930773735,0.018877997994422913,0.8661912083625793,0.00911780260503292,0.007879458367824554,0.013561823405325413,0.021083181723952293,0.008328435011208057,2.1345057487487793,0.022468481212854385,0.0162438303232193,0.018925955519080162,0.024364221841096878,0.020169224590063095
351,wrong -> correct,gold,96,0.02473650686442852,0.019722191616892815,0.8156519532203674,0.008585809729993343,0.00827899668365717,0.010392733849585056,0.011754482984542847,0.007387725170701742,2.4478397369384766,0.025766734033823013,0.01706390269100666,0.014456801116466522,0.014216171577572823,0.022008206695318222
391,wrong -> correct,gold,96,0.05659371614456177,0.022012809291481972,0.9812459945678711,0.010328905656933784,0.009312366135418415,0.003894068067893386,0.0034054128918796778,0.009416422806680202,2.580495834350586,0.02716311439871788,0.021364107728004456,0.05274009332060814,0.05889411270618439,0.026074189692735672
175,wrong -> correct,gold,96,0.07964278012514114,0.022518254816532135,0.6018598675727844,0.0063353669829666615,0.005537130404263735,0.01303758192807436,0.01738607883453369,0.006417909171432257,2.660353183746338,0.028003716841340065,0.02090752311050892,0.06667245924472809,0.06314200907945633,0.02536093443632126
344,wrong -> correct,gold,96,0.02827952429652214,0.022142721340060234,0.6866918206214905,0.007228334899991751,0.0064764562994241714,0.012617217376828194,0.02385576441884041,0.00712826382368803,2.3086376190185547,0.024301448836922646,0.01960797794163227,0.018046097829937935,0.024921227246522903,0.021991057321429253
319,wrong -> correct,gold,96,0.024707749485969543,0.016919029876589775,0.7975054979324341,0.008394794538617134,0.006211507599800825,0.014397714287042618,0.01635514199733734,0.006824656389653683,1.8451926708221436,0.01942308060824871,0.014619340188801289,0.011127971112728119,0.007373957894742489,0.018531452864408493
226,wrong -> correct,gold,96,,,0.7357977628707886,0.007745239417999983,0.00685569504275918,0.015746908262372017,0.019081104546785355,0.0073998067528009415,,,,,,
221,wrong -> correct,gold,96,0.03634200990200043,0.02048916555941105,1.0791985988616943,0.01135998498648405,0.008760679513216019,0.008796872571110725,0.009479233995079994,0.010752878151834011,2.1419758796691895,0.02254711464047432,0.01670853979885578,0.028636151924729347,0.016126418486237526,0.020508572459220886
780,wrong -> correct,gold,96,0.053626254200935364,0.021073462441563606,0.8353769779205322,0.008793441578745842,0.008188575506210327,0.014122563414275646,0.008248125202953815,0.008095460012555122,1.8665940761566162,0.01964835822582245,0.0160194281488657,0.039913203567266464,0.03958293795585632,0.019504522904753685
728,wrong -> correct,gold,96,0.051679737865924835,0.020656192675232887,0.8104701042175293,0.008531264029443264,0.00923557672649622,0.009604060091078281,0.007549243047833443,0.007899018004536629,2.25549054145813,0.023742005228996277,0.01856452412903309,0.04218535125255585,0.0425184927880764,0.023470167070627213
298,wrong -> correct,gold,96,0.023027637973427773,0.020166246220469475,1.1508983373641968,0.012114719487726688,0.008358744904398918,0.009779582731425762,0.016426924616098404,0.009817848913371563,1.9193799495697021,0.020204000174999237,0.015758443623781204,0.013846850022673607,0.012760545127093792,0.01802341639995575
149,wrong -> correct,gold,96,0.030673088505864143,0.024496832862496376,0.8481277823448181,0.008927660994231701,0.010061673820018768,0.01501015666872263,0.014381510205566883,0.007850110530853271,2.3780717849731445,0.02503233402967453,0.018536970019340515,0.015891561284661293,0.016342218965291977,0.021906472742557526
736,wrong -> correct,gold,96,0.02427975833415985,0.01580188423395157,1.0807913541793823,0.011376750655472279,0.00932904053479433,0.0019318399718031287,0.013197769410908222,0.009631824679672718,1.6426286697387695,0.017290828749537468,0.012688578106462955,0.02323678880929947,0.02442736178636551,0.014688522554934025
17,wrong -> correct,gold,96,,,1.5180209875106812,0.015979168936610222,0.012629352509975433,0.013673103414475918,0.020389817655086517,0.01553069893270731,,,,,,
629,wrong -> correct,gold,96,0.02672918140888214,0.017942043021321297,0.8477120399475098,0.008923284709453583,0.007173324469476938,0.011324887163937092,0.010320417582988739,0.008169357664883137,2.0308775901794434,0.02137765847146511,0.01621062122285366,0.015560546889901161,0.03326187655329704,0.018646614626049995
136,wrong -> correct,gold,96,0.027895547449588776,0.020688645541667938,0.8413814306259155,0.008856646716594696,0.01078246533870697,0.020456096157431602,0.011559639126062393,0.007752103265374899,1.9093694686889648,0.020098626613616943,0.014887633733451366,0.007443815935403109,0.017652571201324463,0.017374660819768906
285,wrong -> correct,gold,96,0.01927279680967331,0.020939061418175697,0.8739708662033081,0.009199692867696285,0.007624857127666473,0.011816835030913353,0.01460507232695818,0.008109570480883121,2.2394351959228516,0.023573001846671104,0.017850397154688835,0.01700296625494957,0.013400664553046227,0.020550135523080826
571,wrong -> correct,gold,96,,,1.0310215950012207,0.010852859355509281,0.010208201594650745,0.01752765290439129,0.006695980206131935,0.00843985565006733,,,,,,
316,wrong -> correct,gold,96,,,0.8835199475288391,0.00930020958185196,0.008347065187990665,0.013313264586031437,0.008974775671958923,0.007963915355503559,,,,,,
19,wrong -> correct,gold,96,0.013210133649408817,0.02430654875934124,1.1782081127166748,0.012402190826833248,0.010852712206542492,0.008462026715278625,0.007357937283813953,0.010120658203959465,2.4373855590820312,0.025656690821051598,0.01979733072221279,0.005958066787570715,0.029286492615938187,0.02273458056151867
378,wrong -> correct,gold,96,0.032131507992744446,0.022213367745280266,0.9537197947502136,0.01003915537148714,0.009576195850968361,0.011681655421853065,0.018728874623775482,0.009263944812119007,1.8632936477661133,0.019613618031144142,0.01727592758834362,0.02135898359119892,0.016284435987472534,0.01731511764228344
164,wrong -> correct,gold,96,,,1.0325186252593994,0.010868617333471775,0.007977423258125782,0.002842956455424428,0.01199407409876585,0.009781323373317719,,,,,,
581,wrong -> correct,gold,96,0.014442777261137962,0.014216214418411255,0.6497113108634949,0.006839066278189421,0.00650818133726716,0.010133225470781326,0.010542746633291245,0.0070609450340271,1.7373907566070557,0.018288323655724525,0.013018098659813404,0.00445596082136035,0.002236925531178713,0.014685765840113163
303,wrong -> correct,gold,96,,,0.908422589302063,0.00956234335899353,0.01126519963145256,0.014350458979606628,0.004080910235643387,0.008713177405297756,,,,,,
162,wrong -> correct,gold,96,0.0132761150598526,0.017726654186844826,1.0811104774475098,0.011380109935998917,0.010371975600719452,0.0035645863972604275,0.01728837378323078,0.010754804126918316,1.821128010749817,0.019169768318533897,0.013709020800888538,0.01035894826054573,0.012091833166778088,0.019368663430213928
601,wrong -> correct,gold,96,0.02310824766755104,0.01693279668688774,0.965796172618866,0.010166275314986706,0.007994323968887329,0.015101251192390919,0.01351324375718832,0.008852346800267696,1.8369961977005005,0.019336802884936333,0.014162841252982616,0.009082718752324581,0.019788136705756187,0.016915084794163704
438,wrong -> correct,gold,96,0.021039588376879692,0.016253987327218056,0.8653028011322021,0.009108450263738632,0.006720665842294693,0.01014095637947321,0.011174519546329975,0.007983285002410412,1.9830809831619263,0.020874537527561188,0.014440767467021942,0.012864933349192142,0.018560592085123062,0.022282475605607033
